forecast_id,region,seasonality_index,discount_pct,forecast_accurate
1,B,24.76,0.087,0
2,C,46.04,0.439,0
3,D,24.78,0.49,0
4,D,50.43,0.226,0
5,C,313.85,0.264,1
6,A,439.3,0.215,1
7,C,477.45,0.485,1
8,C,171.08,0.151,0
9,B,295.02,0.308,1
10,B,295.67,0.439,1
11,B,291.63,0.046,1
12,A,327.85,0.115,1
13,C,16.44,0.212,0
14,D,97.55,0.048,0
15,A,475.07,0.453,1
16,C,69.81,0.109,0
17,C,465.79,0.461,1
18,C,327.39,0.41,1
19,A,37.44,0.381,0
20,B,249.68,0.212,0
21,B,214.08,0.046,0
22,C,331.06,0.47,1
23,D,218.4,0.447,0
24,C,284.33,0.101,1
25,A,449.08,0.249,1
26,A,146.0,0.231,0
27,A,45.88,0.483,0
28,B,423.01,0.459,1
29,D,371.6,0.255,1
30,B,29.38,0.225,0
31,B,158.1,0.229,0
32,C,279.88,0.3,0
33,D,466.68,0.054,1
34,B,141.88,0.443,0
35,A,368.89,0.353,1
36,B,16.38,0.319,0
37,B,139.5,0.279,0
38,C,155.62,0.143,0
39,D,241.69,0.175,0
40,D,339.53,0.425,1
41,C,361.54,0.068,1
42,C,349.03,0.085,1
43,B,386.84,0.497,1
44,C,296.66,0.247,1
45,A,174.2,0.454,0
46,D,110.79,0.322,0
47,D,175.96,0.477,0
48,B,189.43,0.078,0
49,B,349.36,0.492,1
50,B,117.25,0.394,0
51,B,182.18,0.115,0
52,A,259.94,0.142,0
53,D,202.69,0.352,0
54,C,81.56,0.464,0
55,A,319.68,0.053,1
56,B,41.54,0.233,0
57,C,250.66,0.388,0
58,B,192.44,0.424,0
59,C,325.2,0.264,1
60,C,82.53,0.375,0
61,C,185.48,0.1,0
62,B,300.07,0.149,1
63,A,44.04,0.488,0
64,C,302.35,0.357,1
65,B,65.69,0.125,0
66,C,434.92,0.295,1
67,D,88.72,0.431,0
68,C,195.68,0.44,0
69,C,209.24,0.177,0
70,C,59.59,0.445,0
71,D,323.7,0.165,1
72,C,157.23,0.028,0
73,A,477.0,0.078,1
74,B,348.72,0.041,1
75,A,50.64,0.203,0
76,C,183.17,0.034,0
77,B,85.44,0.354,0
78,A,432.1,0.374,1
79,C,225.47,0.113,0
80,B,232.2,0.142,0
81,B,22.39,0.013,0
82,C,463.03,0.15,1
83,D,319.34,0.498,1
84,A,349.45,0.409,1
85,C,299.9,0.053,1
86,C,336.94,0.241,1
87,C,51.05,0.445,0
88,D,267.74,0.225,0
89,C,255.79,0.447,0
90,D,17.36,0.265,0
91,C,186.71,0.299,0
92,B,309.26,0.097,1
93,D,308.04,0.425,1
94,A,475.03,0.269,1
95,A,455.14,0.105,1
96,B,21.12,0.439,0
97,D,28.89,0.449,0
98,C,389.7,0.109,1
99,C,287.48,0.167,1
100,C,386.47,0.498,1
101,A,296.19,0.074,1
102,C,364.63,0.137,1
103,A,383.99,0.452,1
104,D,21.29,0.151,0
105,C,201.93,0.184,0
106,A,204.88,0.219,0
107,D,348.57,0.227,1
108,D,324.52,0.05,1
109,B,231.12,0.334,0
110,B,280.79,0.009,0
111,B,490.48,0.229,1
112,B,103.05,0.007,0
113,A,58.3,0.393,0
114,C,356.97,0.499,1
115,C,364.29,0.346,1
116,B,494.01,0.234,1
117,A,463.13,0.442,1
118,D,256.02,0.125,0
119,A,320.55,0.184,1
120,C,407.05,0.298,1
121,C,40.98,0.077,0
122,D,385.95,0.361,1
123,D,283.82,0.288,1
124,A,107.48,0.221,0
125,B,331.54,0.116,1
126,A,357.3,0.297,1
127,D,357.68,0.316,1
128,D,291.78,0.4,1
129,C,33.55,0.309,0
130,A,320.44,0.07,1
131,C,473.81,0.353,1
132,C,464.43,0.334,1
133,B,447.02,0.207,1
134,A,384.85,0.434,1
135,B,359.6,0.427,1
136,B,288.38,0.26,1
137,C,410.69,0.231,1
138,B,174.16,0.151,0
139,B,113.82,0.108,0
140,D,315.88,0.425,1
141,A,330.28,0.406,1
142,B,53.45,0.001,0
143,B,258.03,0.366,0
144,A,379.17,0.364,1
145,D,146.02,0.472,0
146,A,289.43,0.369,1
147,C,389.19,0.275,1
148,B,107.29,0.178,0
149,C,222.91,0.104,0
150,D,79.46,0.416,0
151,B,421.89,0.487,1
152,C,487.08,0.341,1
153,C,216.76,0.402,0
154,A,384.95,0.372,1
155,C,324.03,0.334,1
156,A,372.97,0.349,1
157,A,474.29,0.065,1
158,B,120.3,0.366,0
159,A,475.42,0.395,1
160,D,486.22,0.447,1
161,C,150.24,0.179,0
162,A,21.21,0.367,0
163,C,440.99,0.234,1
164,A,486.89,0.026,1
165,D,454.3,0.416,1
166,D,188.59,0.051,0
167,C,300.12,0.062,1
168,D,212.54,0.112,0
169,D,198.89,0.22,0
170,C,462.1,0.191,1
171,B,417.1,0.085,1
172,A,378.09,0.066,1
173,B,417.38,0.094,1
174,C,108.14,0.036,0
175,C,478.54,0.22,1
176,A,20.96,0.425,0
177,D,221.94,0.086,0
178,C,198.33,0.287,0
179,C,76.02,0.29,0
180,A,428.07,0.391,1
181,B,296.32,0.27,1
182,C,312.5,0.373,1
183,B,465.32,0.439,1
184,D,454.14,0.405,1
185,B,23.74,0.158,0
186,D,471.96,0.111,1
187,B,98.79,0.437,0
188,A,19.45,0.211,0
189,C,322.25,0.11,1
190,A,14.47,0.386,0
191,B,274.73,0.353,0
192,D,113.88,0.319,0
193,D,70.47,0.038,0
194,B,428.88,0.321,1
195,C,17.7,0.349,0
196,C,437.41,0.429,1
197,A,86.99,0.294,0
198,D,80.11,0.472,0
199,D,210.93,0.162,0
200,B,259.89,0.233,0
201,D,110.49,0.26,0
202,D,255.7,0.226,0
203,D,274.13,0.18,0
204,B,259.95,0.43,0
205,C,93.78,0.095,0
206,C,222.8,0.0,0
207,A,332.74,0.194,1
208,D,170.36,0.369,0
209,A,157.63,0.11,0
210,C,215.6,0.261,0
211,C,171.51,0.495,0
212,C,274.77,0.481,0
213,D,449.89,0.213,1
214,D,272.52,0.153,0
215,D,304.76,0.352,1
216,D,55.38,0.175,0
217,D,205.71,0.172,0
218,B,65.83,0.341,0
219,D,340.98,0.334,1
220,A,311.5,0.289,1
221,D,371.02,0.153,1
222,B,326.54,0.484,1
223,D,250.74,0.071,0
224,D,297.45,0.097,1
225,B,314.24,0.125,1
226,A,346.78,0.056,1
227,B,375.34,0.14,1
228,C,391.62,0.274,1
229,A,193.1,0.061,0
230,B,490.09,0.022,1
231,A,466.15,0.448,1
232,C,152.35,0.33,0
233,C,141.53,0.141,0
234,B,411.29,0.36,1
235,D,226.22,0.054,0
236,D,109.24,0.029,0
237,C,137.47,0.086,0
238,C,276.91,0.075,0
239,B,440.81,0.244,1
240,A,363.4,0.431,1
241,D,367.47,0.455,1
242,A,246.29,0.23,0
243,B,321.42,0.436,1
244,C,74.99,0.311,0
245,A,355.34,0.142,1
246,D,269.39,0.212,0
247,D,269.31,0.149,0
248,C,271.98,0.012,0
249,B,134.58,0.358,0
250,C,439.11,0.041,1
251,A,289.28,0.08,1
252,B,23.61,0.457,0
253,C,23.88,0.051,0
254,D,469.99,0.231,1
255,D,191.4,0.481,0
256,D,122.41,0.264,0
257,D,99.56,0.376,0
258,A,157.31,0.102,0
259,C,271.34,0.203,0
260,B,318.04,0.223,1
261,B,341.22,0.43,1
262,C,152.67,0.18,0
263,C,298.29,0.034,1
264,A,376.49,0.29,1
265,B,71.85,0.175,0
266,C,266.47,0.175,0
267,D,232.91,0.046,0
268,B,214.77,0.011,0
269,C,228.13,0.317,0
270,C,340.44,0.42,1
271,B,172.92,0.008,0
272,A,289.03,0.319,1
273,B,452.41,0.19,1
274,D,186.49,0.324,0
275,B,398.58,0.165,1
276,A,268.43,0.338,0
277,D,437.25,0.211,1
278,D,398.02,0.231,1
279,D,61.76,0.076,0
280,B,498.5,0.282,1
281,C,458.44,0.257,1
282,D,208.91,0.058,0
283,C,187.52,0.19,0
284,D,74.28,0.309,0
285,C,341.78,0.232,1
286,B,351.63,0.116,1
287,C,219.46,0.038,0
288,B,314.35,0.032,1
289,A,401.45,0.451,1
290,D,47.2,0.352,0
291,C,132.37,0.032,0
292,B,388.92,0.383,1
293,B,447.68,0.255,1
294,A,437.87,0.286,1
295,A,291.85,0.302,1
296,A,368.32,0.125,1
297,B,142.41,0.141,0
298,A,379.7,0.101,1
299,B,132.61,0.001,0
300,A,39.51,0.087,0
301,A,307.27,0.066,1
302,C,429.0,0.433,1
303,A,143.63,0.207,0
304,D,402.04,0.102,1
305,B,25.26,0.349,0
306,C,364.96,0.11,1
307,A,362.23,0.356,1
308,A,485.07,0.018,1
309,D,38.08,0.0,0
310,D,163.73,0.395,0
311,B,34.23,0.095,0
312,B,280.43,0.104,0
313,A,55.16,0.292,0
314,B,278.05,0.26,0
315,B,22.14,0.248,0
316,C,333.2,0.396,1
317,C,60.7,0.362,0
318,B,33.69,0.127,0
319,C,281.09,0.357,0
320,B,236.64,0.176,0
321,D,62.36,0.373,0
322,C,213.73,0.333,0
323,B,18.06,0.181,0
324,B,456.55,0.144,1
325,B,464.8,0.258,1
326,A,466.02,0.494,1
327,D,132.4,0.155,0
328,D,289.58,0.05,1
329,A,109.88,0.328,0
330,C,14.05,0.392,0
331,D,271.39,0.156,0
332,C,452.67,0.069,1
333,A,252.73,0.099,0
334,C,124.64,0.095,0
335,A,440.32,0.319,1
336,A,166.48,0.278,0
337,D,341.07,0.443,1
338,A,328.91,0.107,1
339,C,314.28,0.002,1
340,A,279.22,0.489,0
341,B,217.95,0.322,0
342,A,490.98,0.161,1
343,A,133.19,0.208,0
344,A,211.19,0.069,0
345,B,303.01,0.151,1
346,C,341.02,0.254,1
347,B,82.95,0.249,0
348,B,413.78,0.072,1
349,D,485.9,0.41,1
350,C,497.01,0.184,1
351,A,255.21,0.197,0
352,B,178.61,0.102,0
353,B,397.68,0.491,1
354,D,368.62,0.497,1
355,D,252.53,0.34,0
356,A,229.37,0.357,0
357,A,36.42,0.416,0
358,C,459.74,0.353,1
359,C,340.18,0.162,1
360,D,71.64,0.022,0
361,D,475.63,0.28,1
362,C,259.39,0.153,0
363,D,205.67,0.459,0
364,A,11.26,0.439,0
365,C,227.1,0.468,0
366,C,272.94,0.358,0
367,B,103.66,0.387,0
368,A,189.12,0.057,0
369,A,363.74,0.191,1
370,D,77.44,0.299,0
371,A,207.45,0.429,0
372,B,64.48,0.443,0
373,A,438.52,0.175,1
374,A,349.47,0.255,1
375,D,235.19,0.494,0
376,B,474.02,0.471,1
377,B,229.4,0.323,0
378,C,394.72,0.185,1
379,C,376.0,0.333,1
380,C,123.67,0.003,0
381,A,135.65,0.457,0
382,C,429.14,0.495,1
383,A,210.44,0.375,0
384,B,330.61,0.422,1
385,B,287.75,0.162,1
386,C,318.42,0.093,1
387,D,134.84,0.476,0
388,D,44.17,0.106,0
389,D,134.51,0.415,0
390,D,108.56,0.124,0
391,B,388.37,0.278,1
392,A,403.35,0.301,1
393,B,118.97,0.194,0
394,D,142.3,0.248,0
395,D,477.62,0.195,1
396,B,212.55,0.226,0
397,A,376.19,0.123,1
398,A,68.62,0.082,0
399,C,187.02,0.136,0
400,D,261.42,0.467,0
401,B,160.26,0.161,0
402,D,391.25,0.358,1
403,B,453.0,0.434,1
404,A,323.04,0.227,1
405,D,419.17,0.109,1
406,A,356.82,0.198,1
407,A,380.9,0.333,1
408,D,294.93,0.136,1
409,D,184.7,0.425,0
410,D,480.42,0.402,1
411,C,355.57,0.431,1
412,D,393.52,0.23,1
413,C,334.55,0.085,1
414,C,497.06,0.247,1
415,B,172.47,0.225,0
416,B,180.61,0.222,0
417,C,63.56,0.439,0
418,C,71.03,0.223,0
419,C,128.99,0.011,0
420,C,240.35,0.308,0
421,D,213.22,0.136,0
422,C,201.94,0.038,0
423,C,212.07,0.485,0
424,D,461.82,0.24,1
425,C,369.64,0.448,1
426,C,497.06,0.247,1
427,C,135.97,0.04,0
428,B,231.34,0.392,0
429,D,208.19,0.171,0
430,A,219.59,0.308,0
431,B,329.31,0.444,1
432,D,357.85,0.384,1
433,C,314.63,0.193,1
434,B,247.21,0.184,0
435,D,234.58,0.345,0
436,C,134.76,0.276,0
437,B,205.14,0.386,0
438,D,233.81,0.228,0
439,C,390.6,0.383,1
440,D,246.92,0.314,0
441,A,200.39,0.177,0
442,A,65.04,0.028,0
443,D,205.18,0.468,0
444,A,181.32,0.245,0
445,B,261.89,0.339,0
446,C,453.11,0.266,1
447,A,308.22,0.269,1
448,B,354.81,0.413,1
449,B,253.79,0.09,0
450,B,237.87,0.077,0
451,A,423.37,0.272,1
452,A,181.85,0.083,0
453,A,397.2,0.108,1
454,D,276.66,0.417,0
455,B,289.04,0.007,1
456,D,86.64,0.051,0
457,C,26.38,0.359,0
458,B,469.6,0.476,1
459,B,464.61,0.076,1
460,C,321.76,0.381,1
461,D,70.37,0.24,0
462,A,280.81,0.154,0
463,D,234.19,0.403,0
464,B,300.44,0.413,1
465,C,339.83,0.072,1
466,A,194.08,0.394,0
467,A,68.31,0.472,0
468,A,191.4,0.013,0
469,A,426.42,0.015,1
470,B,295.75,0.139,1
471,D,389.04,0.359,1
472,A,396.9,0.086,1
473,C,60.24,0.471,0
474,D,368.24,0.004,1
475,D,186.91,0.155,0
476,B,223.9,0.416,0
477,C,63.68,0.243,0
478,B,301.21,0.459,1
479,C,437.16,0.468,1
480,B,36.85,0.048,0
481,A,234.52,0.291,0
482,B,56.11,0.166,0
483,D,237.91,0.329,0
484,D,453.43,0.04,1
485,B,161.04,0.057,0
486,D,250.82,0.128,0
487,D,463.5,0.273,1
488,D,215.46,0.416,0
489,B,221.3,0.224,0
490,D,326.64,0.191,1
491,A,202.75,0.272,0
492,A,260.01,0.199,0
493,D,48.9,0.439,0
494,D,489.6,0.019,1
495,D,215.14,0.004,0
496,D,93.41,0.339,0
497,C,467.76,0.369,1
498,A,146.87,0.364,0
499,B,335.45,0.341,1
500,D,120.85,0.383,0
501,B,349.65,0.052,1
502,B,180.01,0.441,0
503,D,440.01,0.047,1
504,C,287.08,0.018,1
505,B,38.0,0.482,0
506,A,173.55,0.236,0
507,D,84.85,0.28,0
508,C,304.82,0.412,1
509,C,137.03,0.267,0
510,A,465.65,0.494,1
511,C,279.65,0.453,0
512,C,336.23,0.109,1
513,B,240.61,0.471,0
514,C,65.91,0.452,0
515,D,480.73,0.234,1
516,B,180.47,0.369,0
517,A,249.47,0.24,0
518,C,204.04,0.45,0
519,A,318.83,0.142,1
520,C,377.02,0.411,1
521,D,365.6,0.051,1
522,C,242.57,0.379,0
523,B,333.9,0.205,1
524,C,474.61,0.336,1
525,D,13.54,0.209,0
526,C,359.06,0.232,1
527,D,17.58,0.471,0
528,D,56.71,0.371,0
529,B,101.61,0.22,0
530,C,139.72,0.369,0
531,C,25.51,0.343,0
532,A,207.25,0.439,0
533,B,108.15,0.448,0
534,A,464.5,0.379,1
535,D,234.22,0.011,0
536,D,92.26,0.374,0
537,D,422.7,0.137,1
538,D,220.76,0.329,0
539,D,179.99,0.443,0
540,B,150.29,0.202,0
541,B,332.66,0.399,1
542,C,142.82,0.101,0
543,D,92.98,0.106,0
544,D,302.42,0.157,1
545,C,387.2,0.371,1
546,D,45.73,0.126,0
547,C,489.77,0.295,1
548,C,473.8,0.108,1
549,C,365.02,0.17,1
550,B,36.09,0.189,0
551,A,375.7,0.342,1
552,D,308.46,0.497,1
553,A,311.54,0.498,1
554,C,405.78,0.03,1
555,A,394.23,0.341,1
556,D,272.13,0.358,0
557,C,457.25,0.424,1
558,A,84.13,0.116,0
559,B,171.79,0.124,0
560,D,50.87,0.193,0
561,D,410.77,0.073,1
562,C,126.98,0.366,0
563,C,413.44,0.173,1
564,B,166.0,0.438,0
565,C,382.08,0.416,1
566,D,496.76,0.31,1
567,D,266.26,0.004,0
568,A,97.15,0.058,0
569,B,411.85,0.424,1
570,A,415.21,0.057,1
571,C,302.52,0.316,1
572,D,494.54,0.271,1
573,C,22.54,0.386,0
574,A,76.85,0.42,0
575,B,187.58,0.398,0
576,B,39.02,0.145,0
577,D,190.25,0.042,0
578,A,452.86,0.446,1
579,D,204.39,0.488,0
580,D,474.39,0.18,1
581,C,47.04,0.194,0
582,B,256.62,0.189,0
583,C,360.94,0.253,1
584,C,423.17,0.483,1
585,B,188.99,0.047,0
586,D,272.52,0.399,0
587,A,101.72,0.094,0
588,D,219.71,0.405,0
589,D,98.0,0.004,0
590,A,367.33,0.299,1
591,A,76.95,0.35,0
592,A,399.73,0.345,1
593,A,399.03,0.251,1
594,B,91.46,0.22,0
595,D,241.25,0.323,0
596,B,16.95,0.143,0
597,A,259.55,0.082,0
598,A,58.39,0.309,0
599,B,267.25,0.466,0
600,D,412.34,0.061,1
601,C,118.98,0.161,0
602,D,186.96,0.393,0
603,A,313.3,0.343,1
604,C,311.27,0.256,1
605,C,392.39,0.373,1
606,C,273.01,0.189,0
607,C,111.22,0.13,0
608,C,274.11,0.117,0
609,C,52.29,0.398,0
610,A,228.77,0.42,0
611,B,142.5,0.085,0
612,A,130.14,0.241,0
613,C,33.14,0.02,0
614,B,41.98,0.023,0
615,C,243.01,0.219,0
616,B,432.62,0.018,1
617,B,178.07,0.079,0
618,B,469.64,0.42,1
619,A,162.89,0.18,0
620,A,143.86,0.354,0
621,C,200.8,0.221,0
622,B,158.12,0.401,0
623,B,335.18,0.334,1
624,D,228.68,0.285,0
625,B,393.18,0.07,1
626,A,64.95,0.365,0
627,C,406.58,0.091,1
628,A,256.4,0.266,0
629,D,227.95,0.429,0
630,A,89.74,0.448,0
631,A,410.29,0.124,1
632,A,166.96,0.48,0
633,A,61.27,0.421,0
634,C,15.47,0.074,0
635,D,162.98,0.171,0
636,B,229.79,0.111,0
637,B,212.35,0.083,0
638,D,351.73,0.317,1
639,B,93.71,0.144,0
640,A,328.26,0.299,1
641,B,421.87,0.21,1
642,A,328.66,0.413,1
643,A,459.31,0.068,1
644,D,42.39,0.207,0
645,B,342.27,0.297,1
646,C,489.18,0.334,1
647,C,147.23,0.379,0
648,C,388.31,0.132,1
649,B,75.91,0.173,0
650,D,97.22,0.145,0
651,A,171.53,0.301,0
652,C,351.32,0.005,1
653,B,74.13,0.429,0
654,B,30.06,0.149,0
655,A,322.5,0.256,1
656,B,430.86,0.124,1
657,B,201.37,0.314,0
658,B,192.64,0.496,0
659,A,127.02,0.382,0
660,B,200.31,0.173,0
661,C,260.34,0.389,0
662,D,358.96,0.036,1
663,C,115.0,0.22,0
664,D,41.29,0.009,0
665,B,338.69,0.466,1
666,B,131.19,0.324,0
667,C,13.69,0.169,0
668,A,348.69,0.258,1
669,A,28.88,0.364,0
670,B,373.5,0.425,1
671,C,468.02,0.116,1
672,D,286.02,0.044,1
673,A,152.82,0.279,0
674,A,253.54,0.499,0
675,C,368.25,0.004,1
676,A,479.22,0.332,1
677,D,72.11,0.173,0
678,B,76.02,0.136,0
679,D,57.36,0.285,0
680,B,344.72,0.497,1
681,A,329.99,0.256,1
682,D,213.8,0.103,0
683,B,343.93,0.188,1
684,C,396.96,0.312,1
685,A,152.11,0.211,0
686,C,360.18,0.139,1
687,D,221.14,0.127,0
688,A,445.23,0.386,1
689,A,399.15,0.054,1
690,B,269.93,0.461,0
691,D,422.01,0.164,1
692,A,243.26,0.373,0
693,C,394.74,0.013,1
694,D,448.53,0.295,1
695,D,186.75,0.135,0
696,A,386.9,0.402,1
697,C,348.29,0.075,1
698,A,45.82,0.37,0
699,D,482.69,0.341,1
700,B,127.48,0.085,0
701,B,170.29,0.075,0
702,B,451.15,0.012,1
703,D,31.92,0.469,0
704,A,215.14,0.487,0
705,A,55.69,0.403,0
706,B,152.0,0.191,0
707,B,50.26,0.445,0
708,A,357.52,0.2,1
709,A,88.96,0.026,0
710,D,224.73,0.483,0
711,B,412.29,0.448,1
712,D,12.0,0.302,0
713,C,417.77,0.473,1
714,B,132.5,0.208,0
715,A,417.13,0.196,1
716,B,157.74,0.335,0
717,C,423.53,0.3,1
718,D,57.37,0.219,0
719,B,447.45,0.351,1
720,A,41.53,0.45,0
721,D,39.07,0.075,0
722,B,261.66,0.114,0
723,D,69.07,0.203,0
724,D,52.51,0.221,0
725,A,62.2,0.016,0
726,D,52.04,0.111,0
727,B,138.36,0.271,0
728,A,414.94,0.178,1
729,B,142.87,0.144,0
730,A,489.4,0.309,1
731,C,428.67,0.255,1
732,D,442.04,0.209,1
733,A,190.04,0.443,0
734,B,491.32,0.031,1
735,A,70.82,0.077,0
736,C,494.8,0.452,1
737,B,207.01,0.217,0
738,D,132.23,0.357,0
739,A,288.79,0.288,1
740,A,333.3,0.333,1
741,D,194.87,0.464,0
742,D,377.25,0.439,1
743,D,409.34,0.425,1
744,D,434.82,0.495,1
745,B,105.36,0.416,0
746,A,313.16,0.094,1
747,C,64.13,0.337,0
748,D,148.28,0.09,0
749,A,213.71,0.498,0
750,C,361.48,0.399,1
751,A,428.2,0.362,1
752,B,24.68,0.494,0
753,C,352.24,0.359,1
754,D,259.36,0.272,0
755,D,460.33,0.441,1
756,B,441.88,0.014,1
757,D,107.8,0.256,0
758,C,24.51,0.369,0
759,A,425.27,0.04,1
760,A,246.55,0.29,0
761,B,281.35,0.222,1
762,B,388.95,0.408,1
763,B,495.47,0.315,1
764,C,203.91,0.15,0
765,D,397.31,0.372,1
766,B,17.67,0.332,0
767,C,273.58,0.155,0
768,B,86.73,0.425,0
769,D,77.68,0.221,0
770,B,488.91,0.442,1
771,B,273.45,0.163,0
772,C,294.92,0.228,1
773,A,152.07,0.056,0
774,D,324.51,0.029,1
775,C,139.67,0.064,0
776,C,360.93,0.456,1
777,A,49.37,0.208,0
778,D,360.24,0.452,1
779,A,58.64,0.385,0
780,D,272.21,0.487,0
781,A,494.27,0.127,1
782,B,113.97,0.216,0
783,B,379.32,0.435,1
784,B,187.93,0.132,0
785,B,417.48,0.463,1
786,B,458.92,0.28,1
787,D,123.67,0.104,0
788,A,138.24,0.159,0
789,D,259.85,0.042,0
790,B,402.5,0.35,1
791,C,46.47,0.231,0
792,C,113.91,0.171,0
793,A,124.8,0.104,0
794,C,159.15,0.362,0
795,B,146.51,0.101,0
796,A,126.27,0.01,0
797,C,89.22,0.315,0
798,A,283.05,0.425,1
799,D,386.46,0.172,1
800,A,40.13,0.06,0
801,B,381.57,0.413,1
802,B,21.3,0.03,0
803,D,483.02,0.45,1
804,A,170.83,0.31,0
805,B,199.19,0.252,0
806,B,483.4,0.006,1
807,A,205.98,0.271,0
808,C,193.24,0.36,0
809,A,386.71,0.392,1
810,D,76.79,0.267,0
811,C,72.68,0.336,0
812,D,281.91,0.05,1
813,A,142.29,0.201,0
814,D,289.9,0.226,1
815,A,177.02,0.302,0
816,A,211.28,0.059,0
817,D,339.42,0.412,1
818,D,272.5,0.236,0
819,A,381.34,0.032,1
820,D,119.65,0.017,0
821,A,437.29,0.22,1
822,A,400.68,0.254,1
823,C,395.3,0.205,1
824,D,247.19,0.48,0
825,D,205.71,0.396,0
826,D,88.07,0.057,0
827,A,209.76,0.175,0
828,B,234.93,0.312,0
829,A,125.47,0.26,0
830,C,224.78,0.191,0
831,B,74.83,0.028,0
832,A,29.12,0.433,0
833,C,336.58,0.342,1
834,B,492.5,0.075,1
835,D,455.07,0.048,1
836,A,216.01,0.321,0
837,A,269.78,0.334,0
838,C,208.45,0.241,0
839,B,228.54,0.18,0
840,C,108.33,0.403,0
841,A,250.66,0.221,0
842,B,236.72,0.22,0
843,C,153.93,0.025,0
844,A,262.15,0.304,0
845,A,298.61,0.355,1
846,B,368.07,0.441,1
847,C,385.91,0.015,1
848,A,451.93,0.166,1
849,B,15.96,0.292,0
850,B,470.35,0.305,1
851,C,182.55,0.354,0
852,B,109.41,0.316,0
853,C,322.69,0.377,1
854,D,372.81,0.084,1
855,D,131.03,0.162,0
856,D,220.7,0.298,0
857,A,308.17,0.217,1
858,A,492.55,0.182,1
859,D,136.43,0.051,0
860,B,355.41,0.002,1
861,C,309.51,0.172,1
862,C,168.38,0.315,0
863,C,309.45,0.256,1
864,B,221.58,0.451,0
865,D,66.28,0.421,0
866,C,233.67,0.283,0
867,A,460.36,0.358,1
868,D,457.46,0.414,1
869,A,256.11,0.07,0
870,C,92.19,0.357,0
871,A,90.73,0.014,0
872,C,340.51,0.282,1
873,B,312.5,0.19,1
874,B,14.17,0.441,0
875,D,110.75,0.199,0
876,C,183.24,0.203,0
877,A,140.24,0.171,0
878,B,313.34,0.367,1
879,D,481.01,0.419,1
880,C,362.24,0.252,1
881,A,118.45,0.087,0
882,C,463.29,0.363,1
883,B,328.68,0.276,1
884,C,251.48,0.478,0
885,D,392.83,0.09,1
886,C,293.67,0.119,1
887,D,240.84,0.127,0
888,C,79.86,0.295,0
889,A,462.68,0.421,1
890,C,399.52,0.225,1
891,A,397.27,0.335,1
892,A,213.22,0.187,0
893,C,28.62,0.045,0
894,A,78.84,0.339,0
895,B,275.86,0.289,0
896,D,262.16,0.209,0
897,B,315.63,0.391,1
898,B,136.69,0.065,0
899,B,54.19,0.061,0
900,A,230.47,0.033,0
901,C,371.11,0.353,1
902,B,376.15,0.05,1
903,A,451.27,0.229,1
904,B,127.53,0.448,0
905,B,79.66,0.399,0
906,B,362.25,0.368,1
907,B,85.0,0.007,0
908,C,206.34,0.467,0
909,D,301.96,0.414,1
910,A,473.54,0.411,1
911,B,246.09,0.43,0
912,A,171.06,0.231,0
913,D,301.08,0.344,1
914,A,257.89,0.015,0
915,B,312.47,0.404,1
916,B,90.5,0.234,0
917,B,114.53,0.158,0
918,A,292.39,0.173,1
919,A,243.75,0.361,0
920,A,161.46,0.163,0
921,C,198.81,0.492,0
922,C,266.68,0.195,0
923,A,264.01,0.46,0
924,A,245.41,0.433,0
925,C,403.93,0.479,1
926,A,106.27,0.445,0
927,D,200.81,0.25,0
928,B,140.7,0.185,0
929,A,11.01,0.45,0
930,C,149.3,0.324,0
931,A,438.47,0.245,1
932,A,256.03,0.068,0
933,B,48.08,0.195,0
934,A,60.34,0.072,0
935,D,348.12,0.306,1
936,B,247.77,0.07,0
937,D,136.67,0.474,0
938,C,266.09,0.374,0
939,A,431.07,0.251,1
940,B,65.31,0.386,0
941,A,316.8,0.196,1
942,C,177.59,0.406,0
943,C,109.34,0.442,0
944,C,89.04,0.425,0
945,C,125.58,0.192,0
946,D,444.36,0.037,1
947,A,455.13,0.487,1
948,D,327.98,0.172,1
949,C,223.74,0.09,0
950,A,414.35,0.247,1
951,D,477.04,0.023,1
952,B,491.27,0.138,1
953,D,242.86,0.415,0
954,D,184.1,0.315,0
955,A,77.43,0.047,0
956,D,377.33,0.031,1
957,B,21.67,0.262,0
958,B,320.13,0.205,1
959,C,485.85,0.443,1
960,B,240.8,0.373,0
961,D,219.49,0.484,0
962,A,98.44,0.164,0
963,A,217.85,0.352,0
964,C,498.51,0.192,1
965,A,490.61,0.317,1
966,B,269.81,0.283,0
967,A,370.53,0.467,1
968,A,324.23,0.416,1
969,D,112.55,0.229,0
970,C,235.1,0.178,0
971,A,48.42,0.21,0
972,B,150.11,0.159,0
973,D,484.48,0.209,1
974,D,301.98,0.071,1
975,D,363.55,0.402,1
976,A,127.01,0.492,0
977,D,391.86,0.024,1
978,B,461.73,0.449,1
979,A,462.82,0.193,1
980,D,259.43,0.14,0
981,C,22.81,0.108,0
982,B,139.2,0.408,0
983,A,152.47,0.199,0
984,C,17.24,0.239,0
985,D,267.35,0.076,0
986,C,201.01,0.235,0
987,A,497.35,0.135,1
988,C,403.05,0.456,1
989,C,69.85,0.339,0
990,B,195.74,0.443,0
991,C,317.75,0.061,1
992,B,33.61,0.228,0
993,D,226.65,0.416,0
994,B,459.37,0.056,1
995,C,140.89,0.436,0
996,C,440.57,0.086,1
997,C,442.94,0.328,1
998,A,318.57,0.276,1
999,B,102.67,0.401,0
1000,C,378.78,0.109,1
1001,C,34.22,0.007,0
1002,A,360.05,0.049,1
1003,A,124.46,0.173,0
1004,B,373.16,0.194,1
1005,C,174.96,0.234,0
1006,A,30.54,0.334,0
1007,C,398.45,0.422,1
1008,D,425.91,0.223,1
1009,D,363.38,0.317,1
1010,D,104.63,0.064,0
1011,C,142.25,0.223,0
1012,D,38.57,0.127,0
1013,D,283.24,0.308,1
1014,A,155.62,0.131,0
1015,D,64.42,0.208,0
1016,D,329.35,0.278,1
1017,B,299.6,0.289,1
1018,B,200.43,0.1,0
1019,D,266.54,0.404,0
1020,B,319.9,0.2,1
1021,B,297.76,0.485,1
1022,B,421.25,0.292,1
1023,C,324.64,0.229,1
1024,B,401.5,0.063,1
1025,B,17.58,0.105,0
1026,A,177.54,0.424,0
1027,D,230.06,0.089,0
1028,D,308.54,0.184,1
1029,B,100.24,0.467,0
1030,B,447.25,0.497,1
1031,A,80.25,0.032,0
1032,A,370.11,0.083,1
1033,C,466.2,0.093,1
1034,B,158.58,0.303,0
1035,B,329.13,0.494,1
1036,D,320.68,0.144,1
1037,D,166.6,0.061,0
1038,A,491.96,0.077,1
1039,B,391.18,0.216,1
1040,B,442.04,0.009,1
1041,C,80.64,0.378,0
1042,A,170.56,0.168,0
1043,A,252.81,0.461,0
1044,A,338.46,0.277,1
1045,B,378.23,0.196,1
1046,A,358.3,0.15,1
1047,B,331.81,0.328,1
1048,B,254.05,0.413,0
1049,A,281.15,0.393,0
1050,A,169.52,0.228,0
1051,C,223.88,0.0,0
1052,D,413.43,0.056,1
1053,A,417.87,0.106,1
1054,B,103.25,0.46,0
1055,A,452.89,0.132,1
1056,D,484.24,0.406,1
1057,B,377.2,0.423,1
1058,C,496.22,0.323,1
1059,C,365.71,0.168,1
1060,D,40.5,0.449,0
1061,D,444.63,0.425,1
1062,C,362.11,0.417,1
1063,A,131.71,0.052,0
1064,C,196.56,0.133,0
1065,D,382.4,0.238,1
1066,A,434.98,0.161,1
1067,D,217.95,0.259,0
1068,C,141.67,0.122,0
1069,C,257.91,0.424,0
1070,C,193.63,0.071,0
1071,A,319.73,0.069,1
1072,C,424.26,0.027,1
1073,B,496.17,0.059,1
1074,A,280.42,0.367,0
1075,A,342.04,0.359,1
1076,B,337.08,0.083,1
1077,A,110.45,0.276,0
1078,D,60.19,0.049,0
1079,D,343.44,0.204,1
1080,C,33.81,0.294,0
1081,B,44.95,0.494,0
1082,A,164.68,0.156,0
1083,C,464.7,0.481,1
1084,C,485.32,0.296,1
1085,D,373.19,0.455,1
1086,A,148.2,0.265,0
1087,B,329.51,0.045,1
1088,C,116.15,0.426,0
1089,C,160.09,0.028,0
1090,D,452.7,0.349,1
1091,A,83.64,0.313,0
1092,B,55.27,0.439,0
1093,D,429.19,0.388,1
1094,B,407.3,0.271,1
1095,C,445.83,0.362,1
1096,B,40.05,0.396,0
1097,B,250.0,0.04,0
1098,C,410.66,0.012,1
1099,B,487.46,0.146,1
1100,B,263.72,0.216,0
1101,B,56.28,0.375,0
1102,A,160.66,0.466,0
1103,C,469.6,0.286,1
1104,A,464.56,0.017,1
1105,D,90.16,0.334,0
1106,D,11.99,0.405,0
1107,B,484.66,0.001,1
1108,A,268.77,0.17,0
1109,B,97.22,0.006,0
1110,A,300.99,0.454,1
1111,A,360.89,0.154,1
1112,A,163.74,0.402,0
1113,A,371.78,0.496,1
1114,A,92.68,0.038,0
1115,A,29.34,0.312,0
1116,A,233.52,0.219,0
1117,D,305.54,0.164,1
1118,A,127.4,0.207,0
1119,A,147.17,0.462,0
1120,A,290.38,0.228,1
1121,D,124.86,0.074,0
1122,C,395.33,0.185,1
1123,D,338.12,0.092,1
1124,B,232.64,0.144,0
1125,C,224.06,0.428,0
1126,A,441.09,0.031,1
1127,D,159.4,0.013,0
1128,B,473.35,0.217,1
1129,A,432.6,0.251,1
1130,A,179.94,0.137,0
1131,B,115.87,0.149,0
1132,B,29.68,0.361,0
1133,B,369.08,0.394,1
1134,D,370.96,0.042,1
1135,B,156.53,0.153,0
1136,C,57.05,0.229,0
1137,A,261.89,0.248,0
1138,A,350.27,0.11,1
1139,D,330.49,0.005,1
1140,D,357.58,0.258,1
1141,C,370.41,0.163,1
1142,A,163.87,0.145,0
1143,A,464.7,0.472,1
1144,B,93.04,0.493,0
1145,D,140.22,0.093,0
1146,A,457.24,0.456,1
1147,D,358.15,0.187,1
1148,B,438.33,0.01,1
1149,A,58.05,0.4,0
1150,A,90.81,0.047,0
1151,A,456.92,0.231,1
1152,D,60.92,0.224,0
1153,A,75.63,0.201,0
1154,B,259.03,0.052,0
1155,C,163.29,0.047,0
1156,D,196.72,0.415,0
1157,B,278.05,0.116,0
1158,C,392.9,0.499,1
1159,B,202.42,0.449,0
1160,A,144.97,0.149,0
1161,A,126.64,0.026,0
1162,D,358.14,0.017,1
1163,C,284.78,0.439,1
1164,A,98.07,0.368,0
1165,A,352.02,0.072,1
1166,A,29.77,0.414,0
1167,A,419.22,0.256,1
1168,B,213.84,0.205,0
1169,C,145.27,0.116,0
1170,B,364.52,0.113,1
1171,C,28.17,0.201,0
1172,B,287.07,0.458,1
1173,B,229.6,0.403,0
1174,C,369.46,0.408,1
1175,A,290.17,0.176,1
1176,A,177.41,0.394,0
1177,D,220.41,0.233,0
1178,D,395.93,0.304,1
1179,D,119.75,0.074,0
1180,B,23.8,0.222,0
1181,B,455.78,0.225,1
1182,B,234.32,0.069,0
1183,D,20.58,0.092,0
1184,C,156.67,0.077,0
1185,A,304.94,0.444,1
1186,A,166.78,0.278,0
1187,A,313.25,0.222,1
1188,C,214.1,0.494,0
1189,C,245.78,0.4,0
1190,A,317.25,0.082,1
1191,B,179.62,0.358,0
1192,B,125.93,0.231,0
1193,B,383.34,0.329,1
1194,A,199.69,0.436,0
1195,A,426.55,0.381,1
1196,A,439.25,0.468,1
1197,B,227.3,0.468,0
1198,D,449.21,0.088,1
1199,B,136.97,0.444,0
1200,B,63.37,0.284,0
1201,D,406.38,0.115,1
1202,B,313.77,0.05,1
1203,D,453.05,0.414,1
1204,C,212.52,0.453,0
1205,D,214.07,0.415,0
1206,B,251.12,0.302,0
1207,A,419.19,0.316,1
1208,B,470.48,0.238,1
1209,D,280.27,0.039,0
1210,B,346.92,0.199,1
1211,D,307.79,0.412,1
1212,C,259.97,0.119,0
1213,B,54.97,0.455,0
1214,B,122.44,0.099,0
1215,A,184.0,0.103,0
1216,B,87.98,0.424,0
1217,C,350.87,0.416,1
1218,C,413.9,0.269,1
1219,B,418.48,0.037,1
1220,B,485.84,0.106,1
1221,B,162.49,0.486,0
1222,C,185.4,0.459,0
1223,D,148.46,0.112,0
1224,A,437.35,0.461,1
1225,B,251.95,0.26,0
1226,B,447.36,0.404,1
1227,B,214.93,0.471,0
1228,A,451.32,0.049,1
1229,B,260.6,0.06,0
1230,B,410.38,0.417,1
1231,C,194.56,0.133,0
1232,B,97.3,0.222,0
1233,C,484.94,0.253,1
1234,A,209.96,0.451,0
1235,A,312.5,0.478,1
1236,D,384.13,0.145,1
1237,D,140.54,0.281,0
1238,A,382.49,0.279,1
1239,B,467.14,0.149,1
1240,D,203.98,0.036,0
1241,D,39.72,0.14,0
1242,C,64.41,0.466,0
1243,C,416.39,0.258,1
1244,C,336.41,0.013,1
1245,A,176.98,0.296,0
1246,B,52.12,0.43,0
1247,C,492.45,0.004,1
1248,A,368.09,0.205,1
1249,B,356.86,0.242,1
1250,A,267.13,0.215,0
1251,B,272.02,0.499,0
1252,C,89.44,0.05,0
1253,B,390.73,0.43,1
1254,D,312.62,0.305,1
1255,A,446.02,0.367,1
1256,D,389.97,0.255,1
1257,C,194.73,0.36,0
1258,B,364.31,0.438,1
1259,D,68.05,0.352,0
1260,B,236.39,0.338,0
1261,A,168.85,0.066,0
1262,A,148.94,0.086,0
1263,D,274.91,0.129,0
1264,A,109.18,0.309,0
1265,D,259.64,0.109,0
1266,D,349.69,0.224,1
1267,D,235.57,0.193,0
1268,A,245.14,0.169,0
1269,A,46.07,0.258,0
1270,B,49.62,0.435,0
1271,D,138.34,0.272,0
1272,C,417.28,0.261,1
1273,C,430.11,0.15,1
1274,D,252.37,0.477,0
1275,A,357.28,0.318,1
1276,C,200.85,0.365,0
1277,A,343.83,0.124,1
1278,B,266.31,0.363,0
1279,A,125.36,0.239,0
1280,A,237.25,0.384,0
1281,A,117.69,0.313,0
1282,C,334.19,0.074,1
1283,C,206.23,0.41,0
1284,C,465.29,0.496,1
1285,C,432.92,0.405,1
1286,C,478.7,0.462,1
1287,D,280.17,0.259,0
1288,A,360.45,0.431,1
1289,B,462.49,0.464,1
1290,B,306.12,0.068,1
1291,B,272.65,0.098,0
1292,D,287.83,0.059,1
1293,A,209.49,0.025,0
1294,D,67.44,0.229,0
1295,A,179.79,0.331,0
1296,A,415.02,0.313,1
1297,C,407.17,0.149,1
1298,C,32.06,0.159,0
1299,B,284.78,0.076,1
1300,C,334.33,0.138,1
1301,D,498.93,0.258,1
1302,A,160.1,0.295,0
1303,C,479.54,0.066,1
1304,C,93.7,0.183,0
1305,C,134.82,0.352,0
1306,B,13.56,0.074,0
1307,D,302.29,0.249,1
1308,D,418.31,0.003,1
1309,D,193.16,0.017,0
1310,D,115.7,0.084,0
1311,D,420.35,0.407,1
1312,D,372.46,0.086,1
1313,A,493.33,0.02,1
1314,A,250.56,0.048,0
1315,D,18.4,0.488,0
1316,C,108.89,0.027,0
1317,A,379.56,0.081,1
1318,D,149.86,0.22,0
1319,B,266.57,0.068,0
1320,D,170.31,0.248,0
1321,A,462.95,0.023,1
1322,C,327.19,0.074,1
1323,C,165.71,0.494,0
1324,D,105.52,0.041,0
1325,C,284.75,0.376,1
1326,A,488.26,0.438,1
1327,A,498.0,0.399,1
1328,B,209.36,0.371,0
1329,B,263.72,0.139,0
1330,D,59.0,0.401,0
1331,D,10.83,0.244,0
1332,B,62.06,0.15,0
1333,B,284.87,0.164,1
1334,D,303.83,0.341,1
1335,D,169.7,0.005,0
1336,D,390.16,0.382,1
1337,C,314.49,0.36,1
1338,A,61.36,0.336,0
1339,D,127.85,0.379,0
1340,A,397.08,0.02,1
1341,D,457.97,0.365,1
1342,B,329.18,0.291,1
1343,B,322.87,0.33,1
1344,C,51.16,0.479,0
1345,A,407.06,0.268,1
1346,B,103.27,0.237,0
1347,B,296.39,0.429,1
1348,A,402.3,0.144,1
1349,D,215.73,0.108,0
1350,B,333.58,0.205,1
1351,A,366.23,0.201,1
1352,C,379.46,0.038,1
1353,A,290.38,0.244,1
1354,A,425.06,0.146,1
1355,D,35.07,0.428,0
1356,A,254.82,0.439,0
1357,C,421.95,0.425,1
1358,D,374.01,0.038,1
1359,A,242.87,0.032,0
1360,D,204.94,0.215,0
1361,B,363.15,0.37,1
1362,A,24.66,0.074,0
1363,B,382.11,0.324,1
1364,B,104.91,0.282,0
1365,B,294.79,0.345,1
1366,C,113.02,0.101,0
1367,B,196.4,0.101,0
1368,C,240.89,0.172,0
1369,D,82.3,0.169,0
1370,A,255.01,0.326,0
1371,D,330.83,0.18,1
1372,C,411.78,0.276,1
1373,C,169.66,0.331,0
1374,A,46.9,0.412,0
1375,C,311.46,0.293,1
1376,B,415.48,0.04,1
1377,A,231.21,0.401,0
1378,D,460.72,0.23,1
1379,D,307.23,0.443,1
1380,C,53.09,0.409,0
1381,C,64.01,0.389,0
1382,A,76.09,0.299,0
1383,D,56.71,0.137,0
1384,D,265.5,0.008,0
1385,D,379.43,0.25,1
1386,C,436.19,0.39,1
1387,B,125.72,0.2,0
1388,B,172.04,0.116,0
1389,D,214.28,0.107,0
1390,C,492.5,0.392,1
1391,A,277.32,0.354,0
1392,B,62.67,0.167,0
1393,B,162.0,0.035,0
1394,D,71.01,0.368,0
1395,A,155.61,0.21,0
1396,A,491.05,0.443,1
1397,A,192.87,0.438,0
1398,A,61.6,0.428,0
1399,B,221.7,0.057,0
1400,C,448.58,0.493,1
1401,A,27.19,0.171,0
1402,C,88.48,0.429,0
1403,D,24.02,0.465,0
1404,B,256.54,0.05,0
1405,B,62.23,0.414,0
1406,A,149.33,0.13,0
1407,B,451.76,0.14,1
1408,B,212.6,0.38,0
1409,A,225.63,0.224,0
1410,C,11.46,0.4,0
1411,A,201.78,0.376,0
1412,B,88.13,0.403,0
1413,A,471.96,0.144,1
1414,D,414.22,0.467,1
1415,A,383.12,0.235,1
1416,C,56.4,0.492,0
1417,B,450.79,0.428,1
1418,A,158.01,0.24,0
1419,B,299.16,0.384,1
1420,A,348.12,0.027,1
1421,C,224.49,0.005,0
1422,A,371.24,0.058,1
1423,D,169.72,0.191,0
1424,D,348.04,0.412,1
1425,B,321.11,0.055,1
1426,D,456.05,0.242,1
1427,C,232.55,0.406,0
1428,C,341.91,0.445,1
1429,C,445.62,0.308,1
1430,D,198.61,0.384,0
1431,A,438.45,0.437,1
1432,D,496.34,0.012,1
1433,A,170.27,0.009,0
1434,D,215.78,0.405,0
1435,D,60.87,0.132,0
1436,D,38.98,0.277,0
1437,B,165.56,0.147,0
1438,D,246.18,0.273,0
1439,D,462.14,0.118,1
1440,D,274.07,0.395,0
1441,D,329.61,0.035,1
1442,D,324.55,0.022,1
1443,A,159.81,0.341,0
1444,A,342.76,0.155,1
1445,B,395.74,0.163,1
1446,B,161.03,0.115,0
1447,C,21.33,0.264,0
1448,C,413.83,0.115,1
1449,C,498.78,0.254,1
1450,A,37.87,0.353,0
1451,A,183.09,0.176,0
1452,B,488.59,0.245,1
1453,B,98.6,0.348,0
1454,B,313.89,0.229,1
1455,D,162.57,0.466,0
1456,C,32.05,0.427,0
1457,C,19.66,0.301,0
1458,C,328.78,0.319,1
1459,B,369.64,0.398,1
1460,B,304.53,0.46,1
1461,D,435.75,0.282,1
1462,D,427.45,0.03,1
1463,C,119.45,0.398,0
1464,D,468.73,0.202,1
1465,A,409.79,0.249,1
1466,C,158.75,0.234,0
1467,A,160.06,0.333,0
1468,B,226.18,0.435,0
1469,B,455.06,0.246,1
1470,D,102.01,0.453,0
1471,A,243.64,0.39,0
1472,C,272.85,0.117,0
1473,A,255.8,0.272,0
1474,B,431.33,0.028,1
1475,C,300.8,0.178,1
1476,D,232.08,0.381,0
1477,A,106.43,0.101,0
1478,C,98.21,0.061,0
1479,A,477.77,0.427,1
1480,D,348.97,0.168,1
1481,B,438.3,0.484,1
1482,C,477.11,0.088,1
1483,B,105.67,0.325,0
1484,D,481.63,0.317,1
1485,D,451.64,0.232,1
1486,D,220.98,0.366,0
1487,B,271.2,0.21,0
1488,D,471.49,0.457,1
1489,D,310.2,0.328,1
1490,D,493.16,0.429,1
1491,C,461.3,0.409,1
1492,D,107.53,0.235,0
1493,C,96.19,0.332,0
1494,B,96.04,0.126,0
1495,A,55.76,0.374,0
1496,C,471.67,0.157,1
1497,B,451.78,0.011,1
1498,B,266.68,0.077,0
1499,B,299.53,0.119,1
1500,A,253.13,0.318,0
1501,A,381.06,0.304,1
1502,C,66.28,0.068,0
1503,A,197.25,0.482,0
1504,B,206.61,0.292,0
1505,C,200.13,0.142,0
1506,C,381.55,0.453,1
1507,A,291.53,0.019,1
1508,A,183.9,0.294,0
1509,C,128.01,0.19,0
1510,C,416.1,0.352,1
1511,B,98.13,0.187,0
1512,B,278.53,0.276,0
1513,B,490.7,0.218,1
1514,A,397.85,0.347,1
1515,A,263.64,0.067,0
1516,C,41.97,0.022,0
1517,C,451.71,0.268,1
1518,B,235.79,0.082,0
1519,C,485.82,0.282,1
1520,B,460.02,0.426,1
1521,C,336.88,0.483,1
1522,D,376.22,0.296,1
1523,C,279.47,0.411,0
1524,A,133.12,0.489,0
1525,B,99.57,0.33,0
1526,B,13.94,0.308,0
1527,A,140.26,0.353,0
1528,D,129.06,0.136,0
1529,D,284.92,0.273,1
1530,A,384.49,0.292,1
1531,D,112.04,0.266,0
1532,D,466.17,0.074,1
1533,B,267.35,0.212,0
1534,C,257.89,0.347,0
1535,A,349.31,0.152,1
1536,C,281.09,0.076,0
1537,C,25.51,0.284,0
1538,A,229.6,0.353,0
1539,A,36.16,0.35,0
1540,A,96.78,0.484,0
1541,B,127.99,0.355,0
1542,D,39.7,0.449,0
1543,D,140.31,0.205,0
1544,C,26.62,0.383,0
1545,C,497.63,0.321,1
1546,A,402.95,0.299,1
1547,D,347.57,0.095,1
1548,A,397.67,0.184,1
1549,B,448.08,0.042,1
1550,B,91.31,0.469,0
1551,B,285.48,0.022,1
1552,B,434.01,0.191,1
1553,B,454.81,0.02,1
1554,C,297.24,0.391,1
1555,C,390.14,0.148,1
1556,A,176.86,0.449,0
1557,A,318.84,0.362,1
1558,B,401.97,0.333,1
1559,A,227.71,0.429,0
1560,A,213.96,0.334,0
1561,B,222.77,0.055,0
1562,B,357.57,0.427,1
1563,A,19.17,0.155,0
1564,D,189.35,0.198,0
1565,A,158.97,0.461,0
1566,C,26.1,0.277,0
1567,D,231.6,0.062,0
1568,A,15.88,0.302,0
1569,B,45.13,0.431,0
1570,A,492.68,0.411,1
1571,B,73.64,0.254,0
1572,B,161.78,0.492,0
1573,A,368.21,0.26,1
1574,D,119.19,0.383,0
1575,C,13.68,0.366,0
1576,A,91.7,0.352,0
1577,B,377.28,0.2,1
1578,A,103.86,0.146,0
1579,A,45.48,0.06,0
1580,D,200.54,0.171,0
1581,C,67.3,0.091,0
1582,B,436.36,0.149,1
1583,A,70.35,0.167,0
1584,D,66.29,0.095,0
1585,D,304.85,0.29,1
1586,C,422.62,0.493,1
1587,B,419.58,0.164,1
1588,C,127.51,0.112,0
1589,A,466.53,0.415,1
1590,A,309.93,0.316,1
1591,B,282.12,0.01,0
1592,C,325.38,0.336,1
1593,C,85.83,0.167,0
1594,C,41.71,0.424,0
1595,B,34.53,0.393,0
1596,C,11.5,0.353,0
1597,A,358.47,0.492,1
1598,D,450.27,0.297,1
1599,A,189.08,0.048,0
1600,D,80.24,0.277,0
1601,D,275.25,0.286,0
1602,D,442.07,0.127,1
1603,D,83.26,0.388,0
1604,B,190.46,0.187,0
1605,D,223.36,0.008,0
1606,B,215.6,0.373,0
1607,C,349.42,0.21,1
1608,C,183.85,0.013,0
1609,B,123.1,0.147,0
1610,D,262.17,0.083,0
1611,B,322.83,0.196,1
1612,D,154.99,0.198,0
1613,C,473.37,0.241,1
1614,A,497.01,0.256,1
1615,B,286.82,0.368,1
1616,B,157.36,0.275,0
1617,C,37.62,0.007,0
1618,D,287.26,0.488,1
1619,C,439.86,0.185,1
1620,B,363.69,0.071,1
1621,A,24.79,0.155,0
1622,C,374.91,0.378,1
1623,D,284.63,0.071,1
1624,A,429.29,0.482,1
1625,B,56.39,0.401,0
1626,B,268.56,0.208,0
1627,A,143.46,0.224,0
1628,A,39.84,0.091,0
1629,D,28.93,0.085,0
1630,D,404.75,0.038,1
1631,D,398.88,0.012,1
1632,C,24.04,0.29,0
1633,C,119.07,0.231,0
1634,D,430.45,0.014,1
1635,B,269.2,0.041,0
1636,C,69.96,0.475,0
1637,D,236.52,0.308,0
1638,A,43.69,0.17,0
1639,C,35.08,0.344,0
1640,A,111.95,0.426,0
1641,C,480.53,0.285,1
1642,B,195.78,0.393,0
1643,B,189.49,0.145,0
1644,D,139.07,0.437,0
1645,D,436.01,0.175,1
1646,C,291.57,0.222,1
1647,C,396.04,0.194,1
1648,B,452.32,0.327,1
1649,D,48.65,0.039,0
1650,A,283.01,0.269,1
1651,C,406.04,0.144,1
1652,A,248.23,0.304,0
1653,C,208.05,0.456,0
1654,A,424.12,0.376,1
1655,C,66.34,0.265,0
1656,A,399.69,0.376,1
1657,B,383.6,0.425,1
1658,D,389.89,0.296,1
1659,A,397.52,0.038,1
1660,C,264.44,0.218,0
1661,D,47.26,0.368,0
1662,A,49.76,0.39,0
1663,D,348.55,0.065,1
1664,C,235.29,0.152,0
1665,D,231.96,0.495,0
1666,B,443.02,0.274,1
1667,B,78.1,0.394,0
1668,A,227.03,0.171,0
1669,C,497.72,0.237,1
1670,C,477.69,0.46,1
1671,D,457.52,0.435,1
1672,C,283.04,0.331,1
1673,D,143.05,0.466,0
1674,A,142.5,0.186,0
1675,A,153.27,0.3,0
1676,A,204.22,0.124,0
1677,A,314.45,0.198,1
1678,D,205.88,0.035,0
1679,C,324.62,0.177,1
1680,C,469.38,0.452,1
1681,B,323.44,0.409,1
1682,D,299.03,0.123,1
1683,C,390.19,0.303,1
1684,B,323.9,0.137,1
1685,B,52.32,0.373,0
1686,A,367.21,0.14,1
1687,D,440.29,0.166,1
1688,D,339.24,0.056,1
1689,D,459.45,0.118,1
1690,C,66.44,0.353,0
1691,A,396.25,0.186,1
1692,D,310.22,0.017,1
1693,D,393.47,0.409,1
1694,B,63.83,0.383,0
1695,A,116.11,0.476,0
1696,D,64.58,0.168,0
1697,A,168.11,0.053,0
1698,D,234.08,0.311,0
1699,B,50.8,0.443,0
1700,A,166.04,0.068,0
1701,A,363.6,0.099,1
1702,C,147.13,0.478,0
1703,C,224.08,0.214,0
1704,A,291.9,0.177,1
1705,A,404.93,0.486,1
1706,D,115.4,0.3,0
1707,C,136.1,0.143,0
1708,C,448.09,0.199,1
1709,C,399.69,0.36,1
1710,D,212.6,0.272,0
1711,B,480.89,0.312,1
1712,D,486.41,0.145,1
1713,D,96.92,0.071,0
1714,A,485.32,0.314,1
1715,C,35.64,0.305,0
1716,D,427.74,0.091,1
1717,D,147.09,0.36,0
1718,C,253.97,0.355,0
1719,B,108.11,0.451,0
1720,D,123.1,0.498,0
1721,A,83.95,0.217,0
1722,C,308.0,0.125,1
1723,A,254.77,0.059,0
1724,B,402.43,0.373,1
1725,C,250.39,0.067,0
1726,D,108.04,0.323,0
1727,C,254.29,0.016,0
1728,C,71.0,0.36,0
1729,D,326.42,0.245,1
1730,A,155.79,0.453,0
1731,C,315.11,0.25,1
1732,B,19.21,0.367,0
1733,B,11.39,0.487,0
1734,B,470.16,0.143,1
1735,A,180.99,0.159,0
1736,B,363.07,0.394,1
1737,D,258.78,0.003,0
1738,D,314.16,0.284,1
1739,A,140.14,0.237,0
1740,A,385.54,0.244,1
1741,A,489.23,0.084,1
1742,A,174.09,0.07,0
1743,C,311.87,0.395,1
1744,C,224.37,0.098,0
1745,B,341.37,0.08,1
1746,A,357.81,0.119,1
1747,B,463.78,0.149,1
1748,A,337.51,0.308,1
1749,A,440.49,0.426,1
1750,A,338.2,0.419,1
1751,A,174.24,0.299,0
1752,B,438.28,0.031,1
1753,D,424.33,0.117,1
1754,B,293.85,0.312,1
1755,C,236.96,0.366,0
1756,A,235.83,0.431,0
1757,A,102.14,0.444,0
1758,D,471.94,0.486,1
1759,A,442.78,0.199,1
1760,C,276.19,0.48,0
1761,D,113.83,0.159,0
1762,A,477.21,0.385,1
1763,A,488.03,0.34,1
1764,A,402.98,0.023,1
1765,B,387.1,0.278,1
1766,D,347.81,0.45,1
1767,C,166.14,0.019,0
1768,B,118.57,0.004,0
1769,B,347.31,0.039,1
1770,B,393.34,0.202,1
1771,D,448.56,0.204,1
1772,A,364.21,0.472,1
1773,A,396.38,0.041,1
1774,A,114.26,0.147,0
1775,C,456.33,0.023,1
1776,B,418.37,0.078,1
1777,D,353.34,0.303,1
1778,D,312.71,0.459,1
1779,C,417.64,0.412,1
1780,B,153.04,0.165,0
1781,C,269.11,0.248,0
1782,B,128.06,0.254,0
1783,A,58.99,0.347,0
1784,A,140.12,0.053,0
1785,C,378.42,0.024,1
1786,D,373.78,0.227,1
1787,A,333.72,0.013,1
1788,B,218.95,0.19,0
1789,B,176.95,0.286,0
1790,B,464.3,0.091,1
1791,C,122.75,0.288,0
1792,A,20.77,0.262,0
1793,B,434.23,0.27,1
1794,C,450.93,0.349,1
1795,A,459.31,0.209,1
1796,B,235.29,0.396,0
1797,C,373.7,0.368,1
1798,A,400.95,0.078,1
1799,A,226.62,0.228,0
1800,D,254.0,0.276,0
1801,A,203.68,0.013,0
1802,A,233.01,0.361,0
1803,A,420.88,0.274,1
1804,C,346.88,0.224,1
1805,D,343.89,0.229,1
1806,C,11.73,0.475,0
1807,D,402.07,0.218,1
1808,C,151.42,0.45,0
1809,B,278.21,0.27,0
1810,A,430.87,0.404,1
1811,A,494.86,0.179,1
1812,B,85.72,0.064,0
1813,C,370.34,0.151,1
1814,A,445.73,0.429,1
1815,A,221.58,0.266,0
1816,C,348.6,0.39,1
1817,B,225.76,0.188,0
1818,A,286.28,0.04,1
1819,D,47.27,0.086,0
1820,C,413.51,0.17,1
1821,B,114.22,0.228,0
1822,B,249.69,0.395,0
1823,D,106.96,0.462,0
1824,A,217.27,0.069,0
1825,A,315.53,0.433,1
1826,A,359.1,0.196,1
1827,C,134.18,0.153,0
1828,C,21.52,0.174,0
1829,B,189.81,0.293,0
1830,D,391.12,0.03,1
1831,D,125.0,0.283,0
1832,C,249.09,0.004,0
1833,C,288.75,0.464,1
1834,D,115.89,0.403,0
1835,D,422.41,0.402,1
1836,C,104.4,0.44,0
1837,A,116.31,0.269,0
1838,B,194.74,0.351,0
1839,B,413.41,0.037,1
1840,C,399.12,0.157,1
1841,D,376.19,0.179,1
1842,A,464.9,0.376,1
1843,D,426.49,0.091,1
1844,D,158.04,0.312,0
1845,C,208.51,0.27,0
1846,B,75.51,0.186,0
1847,D,144.88,0.339,0
1848,C,356.31,0.439,1
1849,C,58.39,0.16,0
1850,A,271.48,0.455,0
1851,C,78.6,0.048,0
1852,D,135.37,0.338,0
1853,B,448.53,0.484,1
1854,D,31.86,0.138,0
1855,C,362.63,0.372,1
1856,D,222.35,0.099,0
1857,A,175.71,0.383,0
1858,A,215.73,0.029,0
1859,C,132.45,0.192,0
1860,B,96.5,0.028,0
1861,B,77.74,0.232,0
1862,C,132.75,0.352,0
1863,B,192.25,0.226,0
1864,D,417.19,0.09,1
1865,B,297.56,0.356,1
1866,A,200.37,0.455,0
1867,B,267.43,0.322,0
1868,A,337.12,0.374,1
1869,D,410.92,0.079,1
1870,B,365.28,0.082,1
1871,C,409.62,0.207,1
1872,A,121.88,0.133,0
1873,C,348.32,0.107,1
1874,B,39.04,0.109,0
1875,A,120.6,0.311,0
1876,C,461.5,0.118,1
1877,D,179.04,0.492,0
1878,B,21.74,0.344,0
1879,A,338.36,0.224,1
1880,C,18.5,0.093,0
1881,C,205.76,0.309,0
1882,C,147.39,0.255,0
1883,B,228.85,0.163,0
1884,A,321.68,0.066,1
1885,C,473.48,0.386,1
1886,D,109.15,0.194,0
1887,A,198.61,0.057,0
1888,C,123.42,0.416,0
1889,D,405.12,0.263,1
1890,B,410.85,0.29,1
1891,C,366.13,0.354,1
1892,B,66.02,0.12,0
1893,D,73.86,0.006,0
1894,B,440.75,0.08,1
1895,C,115.25,0.308,0
1896,A,274.09,0.481,0
1897,B,170.3,0.029,0
1898,A,38.03,0.017,0
1899,C,83.04,0.084,0
1900,D,108.3,0.282,0
1901,C,282.55,0.262,1
1902,A,192.14,0.452,0
1903,A,326.44,0.306,1
1904,B,96.25,0.206,0
1905,D,37.19,0.49,0
1906,C,75.43,0.226,0
1907,C,41.54,0.243,0
1908,D,316.4,0.146,1
1909,B,204.87,0.093,0
1910,B,248.02,0.177,0
1911,A,215.49,0.175,0
1912,A,31.38,0.059,0
1913,A,348.58,0.176,1
1914,C,200.25,0.351,0
1915,B,455.78,0.171,1
1916,B,333.17,0.104,1
1917,C,339.48,0.393,1
1918,A,416.42,0.291,1
1919,A,156.54,0.001,0
1920,B,257.21,0.083,0
1921,D,347.37,0.148,1
1922,B,403.44,0.14,1
1923,D,382.91,0.391,1
1924,D,14.91,0.467,0
1925,D,410.71,0.244,1
1926,B,41.89,0.442,0
1927,B,56.31,0.104,0
1928,C,103.06,0.483,0
1929,A,53.94,0.015,0
1930,A,197.86,0.109,0
1931,C,48.84,0.114,0
1932,A,219.31,0.413,0
1933,D,394.47,0.204,1
1934,A,442.78,0.165,1
1935,B,316.1,0.326,1
1936,D,304.75,0.491,1
1937,A,425.64,0.034,1
1938,B,462.42,0.452,1
1939,C,121.03,0.269,0
1940,A,219.21,0.443,0
1941,A,311.57,0.197,1
1942,D,109.1,0.027,0
1943,B,60.51,0.05,0
1944,B,68.67,0.244,0
1945,B,244.38,0.258,0
1946,C,216.23,0.27,0
1947,A,419.83,0.019,1
1948,B,32.08,0.196,0
1949,A,101.85,0.429,0
1950,A,383.75,0.026,1
1951,C,47.45,0.453,0
1952,C,309.51,0.172,1
1953,C,365.99,0.359,1
1954,B,22.42,0.213,0
1955,D,170.13,0.056,0
1956,C,417.59,0.132,1
1957,A,493.76,0.184,1
1958,A,284.08,0.254,1
1959,C,317.53,0.253,1
1960,B,364.27,0.477,1
1961,D,297.74,0.26,1
1962,D,120.15,0.155,0
1963,B,329.24,0.302,1
1964,D,341.98,0.486,1
1965,D,453.86,0.302,1
1966,B,269.71,0.11,0
1967,B,156.29,0.115,0
1968,B,367.26,0.379,1
1969,B,110.72,0.342,0
1970,D,485.19,0.135,1
1971,B,268.47,0.274,0
1972,D,414.75,0.034,1
1973,A,250.59,0.027,0
1974,D,432.05,0.142,1
1975,D,244.98,0.414,0
1976,D,490.14,0.337,1
1977,C,393.59,0.101,1
1978,B,230.58,0.277,0
1979,C,96.83,0.233,0
1980,B,51.26,0.491,0
1981,B,439.08,0.461,1
1982,A,69.19,0.246,0
1983,D,85.1,0.035,0
1984,C,474.76,0.112,1
1985,A,208.16,0.276,0
1986,B,23.42,0.304,0
1987,C,466.26,0.014,1
1988,B,418.63,0.345,1
1989,C,482.57,0.005,1
1990,A,209.75,0.283,0
1991,A,487.23,0.062,1
1992,B,488.33,0.276,1
1993,B,457.09,0.282,1
1994,A,13.62,0.258,0
1995,B,348.13,0.407,1
1996,B,107.78,0.322,0
1997,B,413.83,0.467,1
1998,C,64.14,0.294,0
1999,C,218.21,0.212,0
2000,D,452.79,0.001,1
